Channel,Followers gained
97R8L3J0,0
6UV44QFF,0
2WKQZUGR,0
R4DGVX2D,0
P8YSNIOI,0
5IL9FI45,0
NC7JUCJY,0
XU261DWX,0
76AHTXRR,0
KAQ2Q45C,0
HAIJUCL9,0
NCFZHHG4,0
AGV8MTIJ,0
8X54BWPE,0
E7634T6S,0
HFWDCEW4,0
0RDKF07Z,0
FTEFFWAQ,0
XNMSA40S,0
SVBRIZU0,0
C1L4P5OR,0
1JWE7QOC,0
V6FXFI2H,0
DJ7O0OV4,0
WTSJIMO9,0
RFBSZOYQ,0
9SIX7I0P,0
7G85C5ZP,0
2ZZUCKKO,0
4RTJDN6Z,0
OQ0LPR3P,0
IRKSFU9L,0
KCR2HJ4E,0
AC2YM51V,0
NG3V02W1,0
VEKSH3FS,0
LJQYWPA6,0
J8PZO3OA,0
C1GFB1XZ,0
GHAJJ13R,0
MAOK5SK4,0
Y1NSXUDK,0
HH9KFLG0,0
9AI8J3MA,0
P23JCLZS,0
1H0TVC34,0
OET4SNO6,0
Y2KCFBHI,0
T97USKJY,0
AJ1U0DHD,0
5TSOTNSV,0
2NDVUF0M,0
X8MGXK2E,0
K5TK8XP1,0
OTUZH15H,0
NOF55S7E,0
VOC5320L,0
F1UIP7T2,0
NLKWAR4D,0
U0SSFWKI,0
SPZCFM5S,0
7NDOBA4T,0
BCDD00YU,0
9OEDKNVZ,0
LFWCLKH0,0
IE1Y1CL2,0
QA3HHJUX,0
SIFJXDO0,0
800TO8XY,0
NOHAHI0J,0
U8CO7QC9,0
WCBVQ6UV,0
ZX9CG1EO,0
9TWNKU9G,0
WHL0TN8I,0
CBYLVUE7,0
LJIMJ12V,0
06MD1LT5,0
21XY2CPG,0
HY2LUVDP,0
P3UAC32R,0
9C73GBWH,0
DMTO130O,0
F4M29S23,0
3L2HHO1M,0
5ZBOFS35,0
R2B43PD3,0
AWJO66MF,0
VZ4Z1BQZ,0
30F3R8PJ,0
HB366JNS,0
NY2QW85O,0
7C3PUO7O,0
4Z7GFN23,0
6AP10RKD,0
RQQENY7K,0
21UKAC1I,0
YSCPP8Y9,0
MGU4X4ZR,0
L6STERKG,0
6KHQEEF3,0
LMDOK7C0,0
JPAKUEGQ,0
9FH0FGAN,0
0A9BQJ08,0
F49YU62R,0
I11TS64I,0
V3JB6HXZ,0
TY0OM7R9,0
D6NQQ4Q9,0
GNQRCYTO,0
8MM6VLDQ,0
ZBLBC0KZ,0
9PS36V1L,0
HUWXFD1A,0
6TA70YSS,0
0Z270718,0
J1Z0FU5D,0
RAF0HWF7,0
BVOJL7R5,0
JRQPOUEI,0
392U8SKE,0
1SY41CBM,0
0J4LMADN,0
WXMW8JBG,0
T88C7HKS,0
7QBGKMG2,0
S31RPC2H,0
LHVEZIHF,0
U7TY0IQE,0
J5CC0RM0,0
TF78RW7C,0
HCGUQXUC,0
6LSJFUCX,0
99TCWDDY,0
OFVE8IRF,0
2FQO36WB,0
5XN1VMXO,0
NDDTO13W,0
R9PURLB3,0
SK3X7IYG,0
ATCN7U5R,0
W6NR9ONF,0
NEM6VMWX,0
VNL1VFR5,0
7LP552IU,0
TGK8F39M,0
KEV57RH5,0
JIM9LSK5,0
BSDLVO2I,0
G7G7FV0X,0
597EVC99,0
8Z6QC7O0,0
UDMSE9Y9,0
4LJ6SDG1,0
XWW9QM9G,0
KZEMYOY3,0
PEDQYBCD,0
BA9R0NPM,0
YATJ5E6B,0
2G54M1QE,0
5NM8O1UW,0
QX5T9VB6,0
P9J2BA2U,0
NSWGXG2K,0
LWP1U9XY,0
CFY1IIEK,0
WNDJN6UD,0
WVW8NRAD,0
QS1HA5F9,0
1CXVFZQU,0
U82NWI5C,0
RLKTAV0A,0
QKV3BCBI,0
M97VERXS,0
WMFWASPW,0
IWR0JXDM,0
WQSBO5AC,0
3HAF2PBT,0
0KFC5QTP,0
S0LDDVWC,0
22RGXCRW,0
7JRPVB1E,0
A5FU8N28,0
UH8FL7SG,0
W3KWC4FU,0
BJJMOS3H,0
ZGNGLLHL,0
WIOOR3XV,0
JTLS449J,0
PU1QP84L,0
4OIBPLN0,0
EG7M3EP1,0
5JILGOO9,0
G3PORDNE,0
8Q556ABI,0
AXQ2XZ45,0
AP7UE7SZ,0
PNCBWRE4,0
7S7Y639P,0
